{"e4EwCwgsso/z2goScZctoQ==":"logo-90x81.png","/ud5jGkMUGYN71y6sO41bA==":"tropical-648x500.png","xhiwgsUPagxCEzBS4MV4Bw==":"bimoli-494x355.png","GN58VbhzBTdsWBbBoQUX3g==":"fortune-346x199.png","/sK0CRILkvJOGrSPDU56zQ==":"minyak%20bimoli-877x551.jpg","/XCpR5G7+lOqL7vOXjXNxw==":"minyak%20fortune-520x374.jpg","ZHD4XuXTEiJQocmSwoGOuQ==":"minyak%20tropical-1192x918.jpg","ik6i5JmXrvHppekYj/+x/A==":"minyak%20sania-679x463.jpg","zpTis9lLj0Bn+2JMkHbvDA==":"tropical-506x390.png","I+iBlPpReX1BfARulg7d6w==":"logo-90x61.jpg","mRXrQfDrMS2SIy5dgvL1qg==":"logo-136x113.png"}